-- MySQL dump 10.11
--
-- Host: localhost    Database: rchangelog
-- ------------------------------------------------------
-- Server version	5.0.83-0ubuntu3

/*!40101 SET @OLD_CHARACTER_SET_CLIENT=@@CHARACTER_SET_CLIENT */;
/*!40101 SET @OLD_CHARACTER_SET_RESULTS=@@CHARACTER_SET_RESULTS */;
/*!40101 SET @OLD_COLLATION_CONNECTION=@@COLLATION_CONNECTION */;
/*!40101 SET NAMES utf8 */;
/*!40103 SET @OLD_TIME_ZONE=@@TIME_ZONE */;
/*!40103 SET TIME_ZONE='+00:00' */;
/*!40014 SET @OLD_UNIQUE_CHECKS=@@UNIQUE_CHECKS, UNIQUE_CHECKS=0 */;
/*!40014 SET @OLD_FOREIGN_KEY_CHECKS=@@FOREIGN_KEY_CHECKS, FOREIGN_KEY_CHECKS=0 */;
/*!40101 SET @OLD_SQL_MODE=@@SQL_MODE, SQL_MODE='NO_AUTO_VALUE_ON_ZERO' */;
/*!40111 SET @OLD_SQL_NOTES=@@SQL_NOTES, SQL_NOTES=0 */;

--
-- Table structure for table `changelog_entry`
--

DROP TABLE IF EXISTS `changelog_entry`;
/*!40101 SET @saved_cs_client     = @@character_set_client */;
/*!40101 SET character_set_client = utf8 */;
CREATE TABLE `changelog_entry` (
  `id` int(11) NOT NULL auto_increment,
  `date` date NOT NULL,
  `public` tinyint(1) NOT NULL,
  `custom_like_url` varchar(64) NOT NULL,
  PRIMARY KEY  (`id`),
  UNIQUE KEY `date` (`date`)
) ENGINE=MyISAM AUTO_INCREMENT=45 DEFAULT CHARSET=utf8;
/*!40101 SET character_set_client = @saved_cs_client */;

--
-- Dumping data for table `changelog_entry`
--

LOCK TABLES `changelog_entry` WRITE;
/*!40000 ALTER TABLE `changelog_entry` DISABLE KEYS */;
INSERT INTO `changelog_entry` VALUES (1,'2011-02-15',1,''),(2,'2011-09-12',1,''),(3,'2011-09-14',1,''),(4,'2011-09-11',1,''),(5,'2011-09-08',1,''),(6,'2011-06-22',1,''),(7,'2011-09-18',1,''),(8,'2012-01-05',1,''),(9,'2011-09-22',1,''),(10,'2012-01-22',1,'http://rworld.hu/changelog/2012_01_22.html'),(11,'2011-05-24',1,''),(12,'2011-04-09',1,''),(13,'2011-04-03',1,''),(14,'2012-01-26',1,'http://rworld.hu/changelog/2012_01_26.html'),(15,'2012-03-10',1,'http://rworld.hu/changelog/2012_03_10.html'),(16,'2012-03-22',1,'http://rworld.hu/changelog/2012_03_22.html'),(17,'2011-03-30',1,''),(18,'2011-03-03',1,''),(19,'2011-09-29',1,''),(20,'2011-03-02',1,''),(21,'2011-02-24',1,''),(22,'2011-02-23',1,''),(23,'2012-05-01',1,'http://rworld.hu/changelog/2012_05_01.html'),(24,'2011-10-02',1,''),(25,'2011-10-08',1,''),(26,'2012-05-03',1,'http://rworld.hu/changelog/2012_05_03.html'),(27,'2011-02-22',1,''),(28,'2011-10-18',1,''),(29,'2012-05-04',1,'http://rworld.hu/changelog/2012_05_04.html'),(30,'2012-05-06',1,'http://rworld.hu/changelog/2012_05_06.html'),(31,'2011-10-21',1,''),(32,'2012-05-08',1,'http://rworld.hu/changelog/2012_05_08.html'),(33,'2012-05-16',1,'http://rworld.hu/changelog/2012_05_16.html'),(34,'2011-12-06',1,''),(35,'2011-12-22',1,''),(36,'2012-05-27',1,'http://rworld.hu/changelog/2012_05_27.html'),(37,'2012-06-08',1,'http://rworld.hu/changelog/2012_06_08.html'),(38,'2012-07-29',1,'http://rworld.hu/changelog/2012_07_29.html'),(39,'2012-08-06',1,'http://rworld.hu/changelog/2012_08_06.html'),(40,'2012-07-06',1,'http://rworld.hu/changelog/2012_07_06.html'),(41,'2012-08-30',1,'http://rworld.hu/changelog/2012_08_30.html'),(42,'2012-09-08',1,'http://rworld.hu/changelog/2012_09_08.html'),(43,'2012-09-14',1,'http://rworld.hu/changelog/2012_09_14.html'),(44,'2012-09-23',1,'');
/*!40000 ALTER TABLE `changelog_entry` ENABLE KEYS */;
UNLOCK TABLES;

--
-- Table structure for table `changelog_label`
--

DROP TABLE IF EXISTS `changelog_label`;
/*!40101 SET @saved_cs_client     = @@character_set_client */;
/*!40101 SET character_set_client = utf8 */;
CREATE TABLE `changelog_label` (
  `id` int(11) NOT NULL auto_increment,
  `name` varchar(64) NOT NULL,
  `priority` smallint(5) unsigned NOT NULL,
  PRIMARY KEY  (`id`),
  UNIQUE KEY `name` (`name`)
) ENGINE=MyISAM AUTO_INCREMENT=132 DEFAULT CHARSET=utf8;
/*!40101 SET character_set_client = @saved_cs_client */;

--
-- Dumping data for table `changelog_label`
--

LOCK TABLES `changelog_label` WRITE;
/*!40000 ALTER TABLE `changelog_label` DISABLE KEYS */;
INSERT INTO `changelog_label` VALUES (1,'Item',90),(2,'Quest',85),(3,'Dungeon - The Nexus: The Oculus',37),(4,'Raid - Icecrown Citadel',27),(5,'Egyéb',2),(6,'Core',1),(7,'TrinityCore',0),(8,'NPC',80),(9,'RK Event',20),(10,'Revol Shirt',19),(11,'Death Knight',100),(12,'Druid',100),(13,'Hunter',100),(14,'Mage',100),(15,'Paladin',100),(16,'Priest',100),(17,'Rogue',100),(18,'Shaman',100),(19,'Warlock',100),(20,'Warrior',100),(21,'Profession',95),(22,'Profession - Alchemy',94),(23,'Profession - Blacksmithing',94),(24,'Profession - Enchanting',94),(25,'Profession - Engineering',94),(26,'Profession - Herbalism',94),(27,'Profession - Inscription',94),(28,'Profession - Jewelcrafting',94),(29,'Profession - Leatherworking',94),(30,'Profession - Mining',94),(31,'Profession - Skinning',94),(32,'Profession - Tailoring',94),(33,'Pet',91),(34,'Glyph',89),(35,'Object',79),(36,'Achievement',75),(37,'Dungeon Finder',70),(38,'Event',65),(39,'Event - Hallow\'s End',64),(40,'Event - Brewfest',64),(41,'Battleground',61),(42,'Battleground - Alterac Valley',60),(43,'Battleground - Arathi Basin',60),(44,'Battleground - Warsong Gulch',60),(45,'Battleground - Eye of the Storm',59),(46,'Battleground - Isle of Conquest',58),(47,'Battleground - Strand of the Ancients',58),(48,'Battlefield - Wintergrasp',57),(49,'Arena',55),(50,'Arena - Blade\'s Edge Arena',54),(51,'Arena - Nagrand Arena',54),(52,'Arena - Ruins of Lordaeron',54),(53,'Arena - Dalaran Arena',53),(54,'Arena - The Ring of Valor',53),(55,'Dungeon',40),(56,'Dungeon - Blackfathom Deeps',39),(57,'Dungeon - Blackrock Depths',39),(58,'Dungeon - Blackrock Spire',39),(59,'Dungeon - Dire Maul',39),(60,'Dungeon - Gnomeregan',39),(61,'Dungeon - Maraudon',39),(62,'Dungeon - Ragefire Chasm',39),(63,'Dungeon - Razorfen Downs',39),(64,'Dungeon - Razorfen Kraul',39),(65,'Dungeon - Scarlet Monastery',39),(66,'Dungeon - Scholomance',39),(67,'Dungeon - Shadowfang Keep',39),(68,'Dungeon - Stratholme',39),(69,'Dungeon - Sunken Temple',39),(70,'Dungeon - The Deadmines',39),(71,'Dungeon - The Stockade',39),(72,'Dungeon - Uldaman',39),(73,'Dungeon - Wailing Caverns',39),(74,'Dungeon - Zul\'Farrak',39),(75,'Dungeon - Auchindoun: Auchenai Crypts',38),(76,'Dungeon - Auchindoun: Mana-Tombs',38),(77,'Dungeon - Auchindoun: Sethekk Halls',38),(78,'Dungeon - Auchindoun: Shadow Labyrinth',38),(79,'Dungeon - Caverns of Time: Old Hillsbrad Foothills',38),(80,'Dungeon - Caverns of Time: The Black Morass',38),(81,'Dungeon - Coilfang Reservoir: The Slave Pens',38),(82,'Dungeon - Coilfang Reservoir: The Steamvault',38),(83,'Dungeon - Coilfang Reservoir: The Underbog',38),(84,'Dungeon - Hellfire Citadel: Hellfire Ramparts',38),(85,'Dungeon - Hellfire Citadel: The Blood Furnace',38),(86,'Dungeon - Hellfire Citadel: The Shattered Halls',38),(87,'Dungeon - Magisters\' Terrace',38),(88,'Dungeon - Tempest Keep: The Arcatraz',38),(89,'Dungeon - Tempest Keep: The Botanica',38),(90,'Dungeon - Tempest Keep: The Mechanar',38),(91,'Dungeon - Azjol-Nerub: Ahn\'kahet: The Old Kingdom',37),(92,'Dungeon - Azjol-Nerub: Azjol-Nerub',37),(93,'Dungeon - Caverns of Time: The Culling of Stratholme',37),(94,'Dungeon - Crusaders\' Coliseum: Trial of the Champion',37),(95,'Dungeon - Drak\'Tharon Keep',37),(96,'Dungeon - Gundrak',37),(97,'Dungeon - Icecrown Citadel: Halls of Reflection',37),(98,'Dungeon - Icecrown Citadel: Pit of Saron',37),(99,'Dungeon - Icecrown Citadel: The Forge of Souls',37),(100,'Dungeon - The Nexus: The Nexus',37),(101,'Dungeon - The Violet Hold',37),(102,'Dungeon - Ulduar: Halls of Lightning',37),(103,'Dungeon - Ulduar: Halls of Stone',37),(104,'Dungeon - Utgarde Keep: Utgarde Keep',37),(105,'Dungeon - Utgarde Keep: Utgarde Pinnacle',37),(106,'Raid',30),(107,'Raid - Blackwing Lair',29),(108,'Raid - Molten Core',29),(109,'Raid - Ruins of Ahn\'Qiraj',29),(110,'Raid - Temple of Ahn\'Qiraj',29),(111,'Raid - Zul\'Gurub',29),(112,'Raid - Upper Blackrock Spire',29),(113,'Raid - Black Temple',28),(114,'Raid - Caverns of Time: Battle for Mount Hyjal',28),(115,'Raid - Coilfang Reservoir: Serpentshrine Cavern',28),(116,'Raid - Gruul\'s Lair',28),(117,'Raid - Hellfire Citadel: Magtheridon\'s Lair',28),(118,'Raid - Sunwell Plateau',28),(119,'Raid - Tempest Keep: The Eye',28),(120,'Raid - Karazhan',28),(121,'Raid - Zul\'Aman',28),(122,'Raid - Crusaders\' Coliseum: Trial of the Crusader',27),(123,'Raid - Naxxramas',27),(124,'Raid - Onyxia\'s Lair',27),(125,'Raid - The Nexus: The Eye of Eternity',27),(126,'Raid - Ulduar',27),(127,'Raid - Vault of Archavon',27),(128,'Raid - Wyrmrest Temple: The Obsidian Sanctum',27),(129,'Raid - Wyrmrest Temple: The Ruby Sanctum',27),(130,'Event - Children\'s Week',64),(131,'Event - Love is in the Air',64);
/*!40000 ALTER TABLE `changelog_label` ENABLE KEYS */;
UNLOCK TABLES;

--
-- Table structure for table `changelog_label_entry`
--

DROP TABLE IF EXISTS `changelog_label_entry`;
/*!40101 SET @saved_cs_client     = @@character_set_client */;
/*!40101 SET character_set_client = utf8 */;
CREATE TABLE `changelog_label_entry` (
  `id` int(11) NOT NULL auto_increment,
  `content` varchar(512) NOT NULL,
  `changelog_entry_id` int(11) NOT NULL,
  `changelog_label_id` int(11) NOT NULL,
  PRIMARY KEY  (`id`),
  KEY `changelog_label_entry_cf6e5e8` (`changelog_entry_id`),
  KEY `changelog_label_entry_4b6d0f2` (`changelog_label_id`)
) ENGINE=MyISAM AUTO_INCREMENT=935 DEFAULT CHARSET=utf8;
/*!40101 SET character_set_client = @saved_cs_client */;

--
-- Dumping data for table `changelog_label_entry`
--

LOCK TABLES `changelog_label_entry` WRITE;
/*!40000 ALTER TABLE `changelog_label_entry` DISABLE KEYS */;
INSERT INTO `changelog_label_entry` VALUES (1,'Bag of Heart Candies javítva.',1,1),(2,'Darkmoon Card: Illusion fixálva.',1,1),(3,'Sigil of the Vengeful Heart item Death Coilra vonatkozó része javítva, a Frost Strike része eddig is működött.',1,1),(4,'Going Bearback: waypointok korrigálva és Icefang már mountolható.',1,2),(5,'The Call to Command: mostmár a helyes NPC-nél (Bragor Bloodfist) lehet leadni a questet.',1,2),(6,'Mission: Plague This! javítva.',1,2),(7,'Scourge Tactics fixálva.',1,2),(8,'Wildhammer Scout scriptelése.',1,8),(9,'Azure Front Channel Stalker scriptelése.',1,8),(10,'Cultist Necrolyte scriptelése.',1,8),(11,'Cult Plaguebringer scriptelése.',1,8),(12,'Deathbringer Saurfang: a mini-event megcsinálása után a trap állapota elmentődik.',1,4),(13,'Az őrök már nem evade-elnek ha a target Vanish-t castol, továbbá képesek detectálni a playereket Feign Death alatt.',1,5),(14,'Spawnok, lootok, achievementek, questek és lootok javítása.',1,131),(15,'Néhány optimalizáció, kisebb takarítások és elírások javítása.',1,6),(16,'Nagy gold mozgások naplózásának megvalósítása annak érdekében, hogy ne lehessen HUF-ért goldot árulni.\r\nTovábbá az ezzel kapcsolatban felmerülő bugok javítása.',1,6),(17,'1 crash fix.',1,6),(18,'A [url=https://github.com/TrinityCore/TrinityCore/commit/ad11baffe66ba5d3124bde7ebf8fdbee5462f3ac]ad11baffe66ba5d3124bde7ebf8fdbee5462f3ac[/url] (2011.02.15.) commitig merge.',1,7),(19,'Hidden Enemies javítva.',2,2),(20,'Azuregos\'s Magical Ledger javítva.',2,2),(21,'The Activation Rune fixálva.',2,2),(22,'The Prince\'s Chest és Broken Trap objectek spawnolva.',2,59),(23,'Kirint Tor quest: megváltoztak a bossok, amik a quest teljesítéséhez kellenek.',2,10),(24,'A nagy Revol Shirt kiváltásához már 5 db Runed Orb kell.',2,10),(25,'A petek most már nem fogják saját magukat sebezni és a spelljeiket sem castolják többet saját magukra.',2,5),(26,'A [url=https://github.com/TrinityCore/TrinityCore/commit/fc8d2f91f4f25e1072e44df9440be656a8408855]fc8d2f91f4f25e1072e44df9440be656a8408855[/url] (2011.09.12.) commitig merge.',2,7),(27,'Glyph of Scourge Strike javítva: már az Ebon Plague idejét is meghosszabbítja.',3,34),(28,'Ignite javítva: már nem proccol Molten Armorra.',3,14),(29,'Swipe sebzése javítva.',3,12),(30,'Infernal Attacker most már nem fog láthatatlanul támadni.',3,8),(31,'The Collapse javítva.',3,2),(32,'Deploy the Shake-n-Quake! javítva.',3,2),(33,'Anub\'arak: 1 crash fix.',3,122),(34,'Logout után is megmarad a koordináta, ahova a Dungeon Findernek tennie kell az instance után (akár leave esetén is).',3,37),(35,'Az önmagukat, friendly playereket támadó petek most már tényleg javítva.',3,5),(36,'Kisebb kód takarítás.',3,6),(37,'A [url=https://github.com/TrinityCore/TrinityCore/commit/8aadf83e93dfa9cc0f456676298c52298ec9b8cd]ad11baffe66ba5d3124bde7ebf8fdbee5462f3ac[/url] (2011.02.15.) commitig merge.',3,7),(38,'Sword Specialization javítva: most már az extra attack csak normal melee swing lehet.',4,20),(39,'Recklessness javítva.',4,20),(40,'Item - Priest T9 Healing 4P Bonus (Divine Aegis and Empowered Renew) javítva.',4,1),(41,'Item - Hunter T9 2P Bonus javítva: a Serpent Sting 3x sebzés helyett csak 2x-t sebez crit esetén.',4,1),(42,'Item - Hunter T9 4P Bonus (Steady Shot) javítva.',4,1),(43,'Item - Death Knight T9 Melee 4P Bonus javítva: a Blood Plague 3x helyett már csak 2x-t sebez crit esetén.',4,1),(44,'Ebon Plaguebringer workaround: már nem stackel az Ebon Plague.',4,11),(45,'Scourge Strike javítva.',4,11),(46,'Miss esetén 1.5 sec rune CD.',4,11),(47,'Item - Paladin T9 Retribution 2P Bonus (Righteous Vengeance) javítva: a Righteous Vengeance már csak 2x-t sebez crit esetén 3x helyett.',4,1),(48,'Heart of the Crusader javítva.',4,15),(49,'Divine Storm fixálva.',4,15),(50,'Abjurist Belmara javítva.',4,2),(51,'Dreadmaul Rock javítva.',4,2),(52,'Re-Cursive fixálva.',4,2),(53,'Battle-Mage Dathric javítva.',4,2),(54,'Cohlien Frostweaver javítva.',4,2),(55,'Conjurer Luminrath fixálva.',4,2),(56,'Morbent Fel javítva.',4,2),(57,'Flame Leviathan: A tower buffok már csak a bosson jelennek meg.',4,126),(58,'General Vezax: Mark of the Faceless javítva.',4,126),(59,'Heroic mód esetén most már wipe után is frissül a maradék attemptek száma.',4,122),(60,'Twin Val\'kyr: 8 helyett már csak 4 essence spawnol.',4,122),(61,'Twin Val\'kyr: Most már automatikusan indul az encounter.',4,122),(62,'Anub\'arak: Már aggrozik automatikusan a boss.',4,122),(63,'Anub\'arak: A mini introja scriptelve.',4,122),(64,'Anub\'arak: Swarm Scarab-ok random mozgást kaptak és jobb spawn pozíciót.',4,122),(65,'Miss/parry/dodge Diminishing Returns implementálva. Bővebb információ róla [url=http://www.wowwiki.com/Melee_diminishing_returns]itt[/url]',4,6),(66,'1-2 LoS probléma javítva. Pl.: Mass Dispell, Totemek, Typhoon.',4,6),(67,'A [url=https://github.com/TrinityCore/TrinityCore/commit/71234764173c48172143b6265c9f56948c173658]71234764173c48172143b6265c9f56948c173658[/url] (2011.09.11.) commitig merge.',4,7),(68,'Death Strike spellnek off-handes (Threat of Thassarian talent) sebzés esetén nem szabad healelnie, ez javítva.',5,11),(69,'Glyph of Scourge Strike javítva.',5,34),(70,'Divine Hymn javítva.',5,16),(71,'Glyph of Shadow Word: Death javítva.',5,34),(72,'Unstable Affliction javítva.',5,19),(73,'Dirty Deeds javítva.',5,17),(74,'Prey on the Weak javítva.',5,17),(75,'Az Envenom már nem resistelhető nature resistance-vel.',5,17),(76,'Holy paladin T8 2P/4P javítva.',5,1),(77,'Ignite sebzése javítva.',5,14),(78,'Deep Wounds sebzése javítva.',5,20),(79,'Sweeping Strikes-os self target macro bug javítva.',5,20),(80,'Soul Preserver javítva.',5,1),(81,'Magic Eater javítva.',5,1),(82,'The Sickly Gazelle javítva.',5,36),(83,'1-2 boss/achievement javítás.',5,126),(84,'Már nem látható az ellenfél kezdés előtt.',5,49),(85,'Néhány exploit és crash fix.',5,6),(86,'Rengeteg kód optimalizálás.',5,6),(87,'A [url=https://github.com/TrinityCore/TrinityCore/commit/d5cbc973730b2d52644c2090e000ef6f096b8c44]d5cbc973730b2d52644c2090e000ef6f096b8c44[/url] (2011.09.08.) commitig merge.',5,7),(88,'Cobra Strikes javítva.',6,13),(89,'Starfall javítva.',6,12),(90,'Tricks of the Trade javítva: most már proccolni fog PvP-ben is.',6,17),(91,'Overkill már leesik talent váltáskor.',6,17),(92,'Shockwave javítva: már debuffként kerül fel az ellenfélre.',6,20),(93,'Glyph of Icy Veins javítva.',6,34),(94,'Unholy Blight sebzése javítva.',6,11),(95,'Blood Boil javítva: ha nincs target, akit megsebezhetne akkor felhasznál egy blood rune-t, de mellette generál runic powert-t is.',6,11),(96,'Scent of Blood javítva.',6,11),(97,'Talent váltás után leesik a presence.',6,11),(98,'Magic Suppression javítva.',6,11),(99,'Seal of Righteousness sebzése javítva.',6,15),(100,'Seal of Vengeance/Seal of Corruption javítva.',6,15),(101,'Azok a questek javítva, amikhez szükséges, hogy a player halott legyen.',6,2),(102,'The Stave of Equinex javítva.',6,2),(103,'Scalps! javítva.',6,2),(104,'Kick funkció javítva.',6,37),(105,'Flame Leviathan javításig nem ölhető, aggro után egyből meghal. Loot sincs.',6,126),(106,'Normal/heroic nyitva.',6,93),(107,'Normal/heroic nyitva.',6,99),(108,'Normal/heroic nyitva.',6,98),(109,'Jó pár kód takarítás és optimalizálás.',6,6),(110,'8 crash fix.',6,6),(111,'A [url=https://github.com/TrinityCore/TrinityCore/commit/78a90e7bad9b0857ccfef226858f01cfe121dd61]78a90e7bad9b0857ccfef226858f01cfe121dd61[/url] (2011.06.22.) commitig merge.',6,7),(112,'Divine Storm healje javítva: most már valóban a sebzés 25%-át (vagy 40% Glyph of Divine Storm-val) healeli több ellenfél (maximum 4) esetén is.',7,15),(113,'Sanctified Retribution részben javítva: most már hatni fog a 3% damage növelés Shadow Resistance Aura, Frost Resistance Aura, Fire Resistance Aura aurákra is. Devotion Aura, Concentration Aura, Crusader Aura aurákra továbbra sem fog hatni (megoldani, hogy rájuk is hasson túl bonyolult és hosszadalmas feladat lenne). Retribution Aura aurára pedig eddig is hatott.',7,15),(114,'Ritual of Doom javítva.',7,19),(115,'Chieftain Swiftspear, Frostfloe Rift, Wailing Winds és Frostfloe Deep Stalker mobokból még több spawnolva.',7,8),(116,'Anchorite Truuen most már a Common nyelvet beszéli a Draconic helyett.',7,8),(117,'Snowblind Digger mobból a hiányzó spawnok spawnolva.',7,8),(118,'Night Elf Mohawk scriptelve.',7,8),(119,'High Cultist Herenn és Death\'s Hand Acolyte moboknál a waypointok beállítva, továbbá a spawnjuk korrigálva lett és scriptet kaptak.',7,8),(120,'Last of Her Kind javítva.',7,2),(121,'Realm First! Grand Crusader achievement javítva. A hétfői raid reset után válik megszerezhetővé (a raid reset után már megszerezhető), addig tiltva van.',7,122),(122,'Chug and Chuck! quest javítva.',7,40),(123,'Catch the Wild Wolpertinger! quest javítva.',7,40),(124,'Boxey Boltspinner NPC-ből már csak 1 lesz lent.',7,40),(125,'Instanceba való summonolás javítva.',7,5),(126,'3 crash fix.',7,6),(127,'1 kliens fagyás fix.',7,6),(128,'Kód takarítás, optimalizálás.',7,6),(129,'A [url=https://github.com/TrinityCore/TrinityCore/commit/872c2d4d6386ef778c5554eddf83beaf87aa3f3e]ad11baffe66ba5d3124bde7ebf8fdbee5462f3ac[/url] (2011.09.18) commitig merge.',7,7),(130,'Glyph of Shadowflame javítva.',8,34),(131,'The Immortal fixálva.',8,36),(132,'The Undying javítva.',8,36),(133,'BB King javítva.',8,36),(134,'Dalronn the Controller: már dob Emblem of Triumphot.',8,104),(135,'[url=http://www.wowwiki.com/Pyrewood_Village]Pyrewood Village[/url] lakosai már átváltoznak [url=http://www.wowwiki.com/Moonrage]Worgenné[/url] este.',8,5),(136,'A [url=http://www.wowwiki.com/Socket#Uncolored_sockets]Prismatic socket[/url]-be helyezett gemek most már tényleg megadják a socket bonust, ha az jár.',8,5),(137,'A [url=https://github.com/TrinityCore/TrinityCore/commit/2f7dd296166ba64effc5dd101f011fea14b50075]2f7dd296166ba64effc5dd101f011fea14b50075[/url] (2012.01.04.) commitig merge.',8,7),(138,'Missing Friends javítva.',8,2),(139,'Raptor Captor javítva.',8,2),(140,'Nat\'s Bargain javítva.',8,2),(141,'Captain Tyralius fixálva.',8,2),(142,'Heroes of Old fixálva.',8,2),(143,'Zuhuled the Wacked javítva.',8,2),(144,'Corrosion Prevention javítva.',8,2),(145,'Portals to Legion fixálva.',8,2),(146,'Down At the Docks fixálva.',8,2),(147,'Gateway to the Frontier fixálva.',8,2),(148,'Lordaeron Throne Room fixálva.',8,2),(149,'Bought of Eternals fixálva.',8,2),(150,'Spooky Lighthouse javítva.',8,2),(151,'Enchanted Azsharite Fel Weaponry javítva.',8,2),(152,'Expert Blacksmith! javítva.',8,2),(153,'Stonewrought Dam javítva.',8,2),(154,'Dark Portal javítva.',8,2),(155,'Escape Trough Force javítva.',8,2),(156,'Escape Through Stealth javítva.',8,2),(157,'The Thunderspike fixálva.',8,2),(158,'Therylune\'s Escape fixálva.',8,2),(159,'The Summoning fixálva.',8,2),(160,'Freed from the Hive fixálva.',8,2),(161,'The Touch of Zanzil fixálva.',8,2),(162,'The Torch of Retribution javítva.',8,2),(163,'Did You Lose This? javítva.',8,2),(164,'Scarlet Armies Approach javítva.',8,2),(165,'Hinott\'s Assistance fixálva.',8,2),(166,'Plan B fixálva.',8,2),(167,'Peace at Last fixálva.',8,2),(168,'Arcane Shot, Explosive Shot, Black Arrow és Serpent Sting javítva: most már nem kapnak bónusz sebzést spell powerből.',9,13),(169,'Glyph of Backstab javítva.',9,17),(170,'Deadly Poison, Instant Poison, Wound Poison és Anesthetic Poison javítva: most már nem kapnak bónusz sebzést spell powerből.',9,17),(171,'Night Elf Mohawk spawnolva.',9,8),(172,'Boiling Point javítva',9,2),(173,'Aces High! javítva.',9,2),(174,'Need to Know fixálva.',9,2),(175,'Ursoc, the Bear God fixálva.',9,2),(176,'The Enemy\'s Legacy javítva.',9,2),(177,'The Frost Wyrm and its Master javítva.',9,2),(178,'Argent Tournament questjei javítva.',9,2),(179,'Acidmaw & Dreadscale: Már nem evade-elnek.\r\n',9,122),(180,'Ingvar the Plunderer: Most már átvált phase 2-be.\r\n',9,104),(181,'General Vezax: Mark of the Faceless javítva: most már 10 fős módban 4 (az eddigi 9, mert 25 fősben 9) valid targetnek (15 yardnál távolabb a bosstól) kell csak lennie.\r\n',9,126),(182,'Hátsó kapu javítva.',9,68),(183,'Chug and Chuck! quest javítva.',9,40),(184,'Coren Direbrew spawnolva és scriptelve.',9,40),(185,'Számos mobra respawn után nem kerülnek fel bizonyos aurák, ez javítva. Pl.: Ez miatt láthatók a Pink Elekkek (Brewfest) alapból is (berúgás nélkül), ha már valaki használta rajtuk a quest itemet.',9,5),(186,'\"Party bug\" javítva.',9,5),(187,'Armor penetration cap implementálva.',9,5),(188,'Fővárosi bossok immune-jai javítva.',9,8),(189,'3 crash fix.',9,6),(190,'A [url=https://github.com/TrinityCore/TrinityCore/commit/29fef71137a43360f41af50ab53e0edbb75bb318]29fef71137a43360f41af50ab53e0edbb75bb318[/url] (2011.09.22.) commitig merge.',9,7),(191,'Trueshot Aura most már a peten is kifejti a hatását.',10,13),(192,'Dispersion javítva.',10,16),(193,'An Apexis Relic javítva.',10,2),(194,'The Relic\'s Emanation javítva.',10,2),(195,'Guardian of the Monument javítva.',10,2),(196,'Emergency Protocol: Section 8.2, Paragraph C fixálva.',10,2),(197,'Emergency Supplies fixálva.',10,2),(198,'[url=http://www.youtube.com/watch?v=AQqqq1B-ayI]Platform fix[/url]: most már nem fog leeseni a karakter a platform-ról, ha olyan CC-t (fear, disorient) kap, ami mozgatja a karaktert.',10,53),(199,'Kliens disconnect (pl.: WoW error, net szakadás) után a login visszadob BG-re.',10,41),(200,'A WotLK-es PvP szettek (Wrathful alatt) már megvehetők Emblem-ért.',10,5),(201,'A [url=https://github.com/TrinityCore/TrinityCore/commit/99c8399772701af9bf3c79e4c514aead57cdc7d6]99c8399772701af9bf3c79e4c514aead57cdc7d6[/url] (2012.01.14.) commitig merge.',10,7),(202,'1 exploit fix.',10,6),(203,'Glyph of Freezing Trap javítva.',11,34),(204,'Ferocious Inspiration javítva.',11,13),(205,'Frenzy fixálva.',11,13),(206,'Pet dismiss talent váltás előtt.',11,13),(207,'Demonic Circle: Summon most már nem hozza ki a playert combatból.',11,19),(208,'A Glyph of Shadowflame effectje most már eltűnik, ha a Shadowflame lejár.',11,34),(209,'Warlock - Siphon Essence T6 2P proc javítva.',11,19),(210,'Death Coil sebzése javítva.',11,19),(211,'Seed of Corruption: a robbanás sebzése javítva.',11,19),(212,'Shadow Bite javítva.',11,19),(213,'Banish javítva: már csak 6 másodpercig tart player ellen.',11,19),(214,'Eradication javítva: internal cooldown törölve.',11,19),(215,'Haunt effectje javítva.',11,19),(216,'Ha a DK egyik spellje missel, akkor csak 1.5 sec rune CD-t kap a DK.',11,11),(217,'Death Knight T9 Melee 2P Bonus javítva.',11,1),(218,'Threat of Thassarian javítva: most már proccol majd a Plague Strike-tól is.',11,11),(219,'Blood Boil damage-je javítva.',11,11),(220,'Bone Shield cooldown javítva.',11,11),(221,'Hysteria javítva: most már nem szakítja meg a CC-ket.',11,11),(222,'Improved Unholy Presence javítva.',11,11),(223,'Blood Tap fixálva.',11,11),(224,'A Water Elemental a mage spell powerjének a 33%-t kapja meg.',11,14),(225,'A Waterbolt spell a Water Elemental spell powerjének 83.33%-t kapja meg.',11,14),(226,'Combustion stackelődés javítva.',11,14),(227,'Torment the Weak fixálva.',11,14),(228,'Ice Block javítva: most már leszedi a Living Bomb DOT-ját.',11,14),(229,'A Shadow Form most már nem fog \"beragadni\".',11,16),(230,'Vampiric Touch javítva: 2x damage dispell esetén.',11,16),(231,'Priest T8 Shadow 4P Bonus javítva.',11,1),(232,'Vampiric Embrace javítva: nem proccolhat Mind Sear-től.',11,16),(233,'Blessed Recovery fixálva.',11,16),(234,'Holy Concentration javítva: most már proccol a Empowered Renew-tól is.',11,16),(235,'Prayer of Healing javítva: megfelelő [url=http://www.wowwiki.com/Spell_power_coefficient]coeff[/url] beállítva.',11,16),(236,'Devouring Plague javítva: az instant damage most már healeli a castert.',11,16),(237,'Lifebloom final bloom-ja javítva.',11,12),(238,'Druid T8 Restoration 4P Bonus javítva.',11,1),(239,'Omen of Clarity javítva: instant spellektől is proccol.',11,12),(240,'Starfall sebzése javítva.',11,12),(241,'Elvileg már nem fognak \"beragadni\" a formok.',11,12),(242,'Nature\'s Grasp: 2 másodperces internal cooldown beállítva, tehát az egyes proccok között legalább 2 másodpercnek el kell telnie.',11,12),(243,'Hand of Reckoning damage-je javítva és a combat log-ban is jól fog megjelenni.',11,15),(244,'Seal of Vengeance javítva: most már a Hammer of the Righteous-ra is proccolni fog.',11,15),(245,'Glyph of Divinity javítva.',11,34),(246,'A Setup most már csak a kiválasztott target ellen fog combo pontot adni.',11,17),(247,'Quick Recovery javítva: most már miss, parry és dodge után is kifejti a hatását.',11,17),(248,'Glyph of Victory Rush javítva.',11,34),(249,'Sword Specialization javítva: most már nem csak auto-attackra fog proccolni.',11,20),(250,'Bloodsurge javítva.',11,20),(251,'Bladestorm javítva: többet nem lassítja a Frost Trap és a Desecration. Nincs Mind Control sem Bladestorm alatt, továbbá a Typoon és a Thunderstorm nem löki el a Bladestorm alatt lévő playert.',11,20),(252,'Spell Reflection fixálva: most már a Charge, Intercept és a Feral Charge nem reflectálhatók.',11,20),(253,'Earthbind Totem és Tremor Totem most már egyből pulzál lerakáskor.',11,18),(254,'Most már nem lehet a totemeket LoS-on kívülre tenni, pl.: arénán oszlopba vagy az alá.',11,18),(255,'Grounding Totem javítva: már nem fogja fel a Charge, Intercept és Feral Charge spelleket.',11,18),(256,'Thunderstorm már Spell Reflectelhető.',11,18),(257,'HELP!, Corki\'s Gone Missing Again! és Cho\'war the Pillager javítva.',11,2),(258,'Bladespire Kegger javítva.',11,2),(259,'Saving Princess Stillpine fixálva.',11,2),(260,'Bring \'Em Back Alive javítva.',11,2),(261,'A Mammoth Undertaking javítva.',11,2),(262,'What\'s Haunting Witch Hill? javatva.',11,2),(263,'Corrosion Prevention fixálva.',11,2),(264,'The Forgotten Tale javítva.',11,2),(265,'Projection and Plans javítva.',11,2),(266,'Boneguard Lieutenant spawnolva.',11,8),(267,'Snowblind Devotee, Garm Watcher, Crystalweb Spitter és Snowblind Digger spawnolva.',11,8),(268,'A következő néhány NPC spawnolva: Lake Frog, Skeletal Woodcutter, Blix Fixwidget, Death\'s Hand Acolyte, Heigarr the Horrible, Injured Icemaw Matriarch, Tracker Thulin, Morbid Carcass, Vault Geist, The Ocular, Captain Ellis.',11,8),(269,'Arctic Cloud, Cinder Cloud és Steam Cloud spawnolva és hozzáadva a poolba.',11,8),(270,'Nakansi spawnolva.',11,8),(271,'Rengeteg mob waypointja beállítva.',11,8),(272,'A herbalism-os növények ezentúl nagyobb esélyel spawnolnak a poolban, továbbá rengeteg növény hozzáadva a poolhoz.. Több információ a pool-ról [url=/changelog/2011/03/30/]itt: Object[/url].',11,35),(273,'South Point Station Valve spawnolva.',11,35),(274,'Argent Crusader\'s Tabard teleport effektje javítva.',11,1),(275,'Drop it!, Artillery Veteran, Artillery Expert javítva.',11,36),(276,'The Dapper Sapper és Explosives Expert javítva.',11,36),(277,'Friend or Fowl? fixálva.',11,36),(278,'Wrath of the Alliance és Wrath of the Horde javítva.',11,36),(279,'Not In My House és Take a Chill Pill javítva.',11,36),(280,'Leeeeeeeeeeeeeroy! javítva. (Megjegyzés: Az első bevitt damagetől indul a 15 másodperces timer)',11,36),(281,'Blood Draining javítva.',11,24),(282,'Deathfrost javítva: a lassító effect már nem proccol fel 73 vagy annál magasabb szintű targetre.',11,24),(283,'Fiery Weapon javítva: már nem kap semilyen bónusz módossítót (pl.: Spell power) a playertől.',11,24),(284,'Lifeblood javítva.',11,26),(285,'A \"zöld trutyi\" (slime) már nem sebez, de ami lényegesebb hogy így már nem szed ki CC-ből.',11,52),(286,'Arénán most már csak 2/3/5 KillingBlow/HonorableKill szedhető 1 meccs alatt, tehát folymatos élesztés után nincs plusz RK pont.',11,9),(287,'Nyertes BG-ért is fog majd járni RK pont, de majd csak a következő hónaptól.',11,9),(288,'Rengeteg kód takarítás és optimalizálás.',11,6),(289,'Diminishing Return javítva az átmeneti peteknél (Water Elemental, Feral Spirit, stb.).',11,6),(290,'7 crash fix.',11,6),(291,'A petek most már nem támadják meg azokat, akiket \"nem látnak\".',11,6),(292,'Azokat a spelleket, amiket nem lehet blockolni már valóban nem lehet.',11,6),(293,'5 exploit fix.',11,6),(294,'Most már nem lehet mountba \"beszálni\" (pl.: chopperba) Stealthben.',11,6),(295,'Az \"el lökő\" spellek (Typhoon, Thunderstorm) már nem lökik el a mozgásra képtelen (pl.: Frost Nova, Entangling Roots, Cheap Shot, stb.) targeteket.',11,6),(296,'Training Dummyk már immune-isak a Death Grip-re.',11,6),(297,'Block cap javítva.',11,6),(298,'A [url=https://github.com/TrinityCore/TrinityCore/commit/b7baaa4ef698a218e7774ec18634112e37215035]b7baaa4ef698a218e7774ec18634112e37215035[/url] (2011.05.24.) commitig merge.',11,7),(299,'Totem of Wrath debuff része javítva.',12,18),(300,'The Northrend Beasts: Icehowl: Surge of Adrenaline javítva: HC módban nem kapja meg a player.',12,122),(301,'Lord Jaraxxus: Néhány apró javítás a Nether Portalon.',12,122),(302,'Lord Jaraxxus: Fel Fireball spell javítva: szakítható az összes módban.',12,122),(303,'Lord Jaraxxus: Felflame Infernal: Már nem CC-zhető HC módban.',12,122),(304,'Lord Jaraxxus: Felflame Infernal: Az Enslave Demon spell már nem hat rá egyik módban sem.',12,122),(305,'Lord Jaraxxus: Felflame Infernal: Fel Inferno spell már szakítható normál módban.',12,122),(306,'Lord Jaraxxus: Faction Champions: HC módban már nem Tauntolhatók a bossok.',12,122),(307,'3 crash fix.',12,6),(308,'A [url=https://github.com/TrinityCore/TrinityCore/commit/379308140b7e958c10fef72fcba872648a354c85]379308140b7e958c10fef72fcba872648a354c85[/url] (2011.04.04.) commitig merge.',12,7),(309,'Gavin Gnarltree, Joseph Wilson, Thomas Partridge, Brammold Deepmine, Emi, Colin scriptelve.',13,8),(310,'Redfang Elder, Sorlof, Defias Tower Sentry, Defias Tower Patroller, Malformed Defias Drone, Blackrock Scout, Blackrock Tracker, Redridge Mongrel, Redridge Poacher, Redridge Brute, Redridge Mystic, Blackrock Champion, Redridge Basher, Redridge Drudger, Rabid Shadowhide Gnoll, Bone Chewer, Blackrock Outrunner, Watcher Ladimore, Calor, Chef Grual: waypointok hozzáadva.',13,8),(311,'Reginald Arcfire, Brassbolt Mechawrench javítva: a megfelelő Engineering skillel rendelkezők AH-ként tudják használni őket.',13,8),(312,'Nights javítva: 02:00 helyett 21:00-kor fog indulni.',13,38),(313,'Fishing Extravaganza: néhány hiányzó spawn és a timer javítva.',13,38),(314,'Kologarn: Crash fix: most már nem lesz DC wipe-nál.',13,126),(315,'Mimiron: A fej most már nem esik le, ha VX-001 \"meghal\".',13,126),(316,'Thorim: Az addoknál 1-2 fix.',13,126),(317,'Mechanolift 304-A: respawn time 180 helyett 45 másodpercre állítva.',13,126),(318,'Fragment of Val\'anyr: bekerült a lootba.',13,126),(319,'Elérhetővé vált a 10 fős heroic mód, remélhetőleg a simához képest nem több buggal.',13,122),(320,'1 exploit fix.',13,6),(321,'Kód takarítás.',13,6),(322,'A [url=https://github.com/TrinityCore/TrinityCore/commit/535b663280b1a39e6e1ed40c892221072dd62d89]535b663280b1a39e6e1ed40c892221072dd62d89[/url] (2011.04.03.) commitig merge.',13,7),(323,'Summon Gargoyle: Attack power coefficient 0.4-re (0.5-ról) csökkentve.',14,11),(324,'Rogue T10 4P Bonus javítva.',14,17),(325,'Report to Goldshire javítva.',14,2),(326,'The Completed Orb of Noh\'Orahil javítva.',14,2),(327,'Proving Allegiance javítva.',14,2),(328,'Hope Within the Emerald Nightmare fixálva.',14,2),(329,'A Humble Task fixálva.',14,2),(330,'The Boon of A\'dal fixálva.',14,2),(331,'In Service Of The Lich King fixálva.',14,2),(332,'The Legend of Stalvan javítva.',14,2),(333,'Mounting Hodir\'s Helm javítva.',14,2),(334,'Text for The Escape javítva.',14,2),(335,'Text for This is Going to be Hard fixálva.',14,2),(336,'A Rough Ride fixálva.',14,2),(337,'Elven Legends fixálva.',14,2),(338,'The Alterac Blitz javítva.',14,36),(339,'Let\'s Get This Done javítva.',14,36),(340,'Flurry javítva.',14,36),(341,'1 exploit fix.',14,6),(342,'2 crash fix.',14,6),(343,'A [url=https://github.com/TrinityCore/TrinityCore/commit/6c1815db7f795e697f2df18a554f5b1a33e6c73a]6c1815db7f795e697f2df18a554f5b1a33e6c73a[/url] (2012.01.26.) commitig merge.',14,7),(344,'Wandering Plague: most már nem tart combatban.',15,11),(345,'Bloodworms: a sebzés most már a player Attack Power-jéből számolódik.',15,11),(346,'Health Leech: javítva.',15,11),(347,'Anti-Magic Shell: most már immunitást ad a Hex-re, Cyclone-ra és a mérgekre is.',15,11),(348,'Honor Among Thieves: már nem tart combatban.',15,17),(349,'Relentless Strikes: javítva, most már csak 25 energy-t tölt vissza Envenom-ra is.',15,17),(350,'[url=http://www.wowwiki.com/Exotic_beast]Exotic petek[/url] mérete és követési távolsága javítva.',15,13),(351,'Mirror Image: javítva, már nem lövik a CC-ben lévő ellenfeleket.',15,14),(352,'Hand of Freedom: javítva.',15,15),(353,'Blood-Queen Lana\'thel bekerült 10 és 25 fős módban is.',15,4),(354,'Blood Prince Council elérhetővé vált 10 és 25-ös módban is.',15,4),(355,'Nem volt merge.',15,7),(356,'Darkmoon Card: Greatness javítva: már csak healre és damagere proccol.',16,1),(357,'Death\'s Verdict és Death\'s Choice javítva: most már csak damagere fog proccolni.',16,1),(358,'Not So Fast javítva.',16,36),(359,'Spring Fling javítva.',16,36),(360,'Ha Anub\'arak meghal Tirion kiportolhat az instance elé.',16,122),(361,'Thaddius már ölhető wipe után is.',16,123),(362,'Dungeon Deserter debuff javítva.',16,37),(363,'9 crash fix.',16,6),(364,'Kód takarítás',16,6),(365,'Új vmap rendszer.',16,6),(366,'Új anti-cheat rendszer: [url=http://en.wikipedia.org/wiki/Warden_(software)]Warden[/url]. Promó videó [url=http://www.youtube.com/watch?v=xcwkKjL2XRM]itt[/url].',16,6),(367,'1-2 calendar fix.',16,6),(368,'A [url=https://github.com/TrinityCore/TrinityCore/commit/a2818cc442624acbbc293ff20d39444c818b4aaf]a2818cc442624acbbc293ff20d39444c818b4aaf[/url] (2012.03.22.) commitig merge.',16,7),(369,'Scent of Blood javítva: most már leesik 1 charge, ha a DK sikeresen melee hit-el.',17,11),(370,'Killing Machine javítva: PPM korrekció.',17,11),(371,'Spell Deflection fixálva.',17,11),(372,'Desolation javítva: ezentúl csak Blood Strike-tól proccolódik.',17,11),(373,'Ghoul pet HP javítva.',17,11),(374,'Death and Decay threat-je javítva.',17,11),(375,'Killing Spree javítva: most már nem fog totemet, crittert, sem olyan NPC-t targetolni, ami nem támadható (pl.: BG-n lévő Spirite Guide).',17,17),(376,'Thunder Clap threat-je fixálva.',17,20),(377,'Lava Burst javítva: most már nem fog crittelni, ha a target immune a critekre, pl.: Roar of Sacrifice, Blessed Resilience.',17,18),(378,'Arcane Concentration javítva: most már csak a mage spell castjaitól fog proccolni.',17,14),(379,'Item - Druid T10 Balance 4P Bonus javítva.',17,1),(380,'Glyph of Steady Shot javítva.',17,34),(381,'Glyph of Starfire javítva.',17,34),(382,'Scouting the Sinkholes javítva.',17,2),(383,'Return to Andormu, Hero of the Brood, The Black Morass javítva: most már a megfelelő NPC-nél lehet leadni/felvenni őket.',17,2),(384,'Who Are They? fixálva.',17,2),(385,'Blood Quickening javítva.',17,2),(386,'The Path to the Citadel javítva.',17,2),(387,'Vile Familiars, Burning Blade Medallion és Report to Sen\'jin Village javítva.',17,2),(388,'Zeth\'Gor Must Burn! javítva.',17,2),(389,'Heartpierce procja javítva.',17,1),(390,'Map of the Geyser Fields javítva.',17,1),(391,'Mature Netherwing Drake: waypointok javítva.',17,8),(392,'Vilewing Chimaera: waypointok hozzáadva.',17,8),(393,'Thulrin scriptelve.',17,8),(394,'Crust Burster-hez script hozzáadva.',17,8),(395,'Dragonmaw Skybreaker: waypointok beállítva.',17,8),(396,'Shango spawnolása és waypointok hozzáadva.',17,8),(397,'Grizzly Bear javítva: most már vissza fog ütni és aggrózni is fog.',17,8),(398,'En\'kilah Crypt Fiend, Darkfallen Deathblade, Fizzcrank Airman: waypointok hozzáadva.',17,8),(399,'Lost Drakkari Spirit, Frozen Earth, Fel Cannon MKI, High Priest Andorath, Zul\'Drak Gateway Trigger, Nethermine Burster scriptelve.',17,8),(400,'Necro Overlord Mezhen, High Priest Talet-Kha, Stormfleet Deckhand scriptelve.',17,8),(401,'Tournament Hippogryph statja javítva.',17,8),(402,'Argent Crusader és Rampaging Geist spawnja javítva.',17,8),(403,'Ol\' Sooty waypointok hozzáadva.',17,8),(404,'Néhány mob equipmentje javítva.',17,8),(405,'Jó pár Outlandes és Northrendes rare mob statja javítva, waypointok beállítva és bekerültek a spawn poolba.\r\nA spawn pool annyit tesz, hogy véletlen helyen spawnolnak ezek a mobok.',17,8),(406,'Néhány hiányzó gossip hozzáadva.',17,8),(407,'Néhány dalarani NPC statja frissítve.',17,8),(408,'Mine Car modellje javítva.',17,8),(409,'Néhány deposit spawn esélyének és darab számának növelése a pool-ban.\r\nA pool felelős azért, hogy a bányák véletlen helyen, időben és mennyiségben spawnoljanak.',17,35),(410,'Emblematic javítva.',17,36),(411,'Számos mob statja javítva.',17,99),(412,'Rengeteg mob és gameobject statjának javítása.',17,97),(413,'Professor Putricide: Csak egy Mutated Abomination létezhet a harc alatt, ez javítva.',17,4),(414,'Professor Putricide: Csak akkor targetolható/támadható a boss, ha Festergut és Rotface már halott.',17,4),(415,'Professor Putricide: Még több Mutated Abomination fix.',17,4),(416,'The Frozen Throne: Highlord Tirion Fordring scriptelve.',17,4),(417,'The Frozen Throne: The Damned scriptelve.',17,4),(418,'Light\'s Hammer: Számos javítás.',17,4),(419,'The Frostwing Halls: Néhány hiányzó mob spawnolása.',17,4),(420,'Az egész insta újrascriptelve. Ha [b]minden jól megy[/b] hamarosan bekerül.',17,125),(421,'Kb. mikor? [url=http://www.wowwiki.com/Soon]Soon[/url]',17,125),(422,'Call to Arms: Strand of the Ancients!, Call to Arms: Isle of Conquest! javítva.',17,41),(423,'Zalazane\'s Fall javítva.',17,36),(424,'Rengeteg kód tisztítás, javítás, optimalizálás.',17,5),(425,'Argent Tournament és Frozen Halls sanctuary javítva: most már PvP off van.',17,5),(426,'Annak megoldása, hogy az aréna pont rate (heti osztás/random BG/questek) egyszerűen módosítható legyen (configból).',17,5),(427,'Néhány vehicle fix.',17,6),(428,'2 exploit fix.',17,6),(429,'Újabb instance ID fixek, remélhetőleg nem lesz újra ID keveredés.',17,6),(430,'Elméletben a BG/arena utáni party bugok is javítva.',17,6),(431,'6 crash fix.',17,6),(432,'A player most már vehicleből nem sebzi sajat magát, sem a saját vehiclejét és a mobok sem tudják közvetlenül a playert sebezni, ha az egy vehicleben van.',17,6),(433,'Most már elsőre sikerülni fog az enchantolás.',17,24),(434,'Enchant exploit javítva: most már nem lehet áttrade-elni az alapanyagot enchantolás közben.',17,6),(435,'A [url=https://github.com/TrinityCore/TrinityCore/commit/5cc2554ca66be8f49116e9ca13250e9cc8ac0e5a]5cc2554ca66be8f49116e9ca13250e9cc8ac0e5a[/url] (2011.03.29.) commitig merge.',17,7),(436,'Kliens fagyás javítva: ha a mage Frost Nova-val kiszedett egy rogue-t Stealth-ből (és a rogue mozgott is Stealth-ben), akkor azok az emberek fagytak ki, akik nem látták a rogue-t Stealth-ben.',18,5),(437,'Hymn of Hope javítva.',19,16),(438,'Számos itemnél (pl.: Darkmoon Card: Death) javítva az, hogy az item spellje által okozott sebzés/heal nem kaphat bónuszt spell powerből vagy attack powerből.',19,1),(439,'Weakness to Lightning javítva.',19,2),(440,'Help Tavara fixálva.',19,2),(441,'For The Children javítva: most már a karakter nemének megfelelő title lesz a reward.',19,36),(442,'Trophy of the Crusade loot javítva: most már egyesével fog esni, egy nagyobb stack helyett.',19,122),(443,'Az instance elérhetővé vált normal és heroic módban.',19,91),(444,'Az instance elérhetővé vált 10 és 25 fős módban.',19,128),(445,'Az instanceban megszerezhető achievementek resetelve lettek a playereknél.',19,128),(446,'Az instance egyelőre csak teszt jeleggel van bent. Hétfő esti frissítéssel az összes achievement/title újra resetelve lesz.',19,128),(447,'Pink Elekk és a Wild Wolpertinger javítva: eddig ha valaki már használta rajtuk a quest itemet, akkor utána már nem működtek.',19,40),(448,'Most már az AoE sebző (pl.: Frost Nova) spellek kiszedik a stealthben lévőket.',19,5),(449,'3 crash fix.',19,6),(450,'Kód takarítás.',19,6),(451,'A [url=https://github.com/TrinityCore/TrinityCore/commit/18aad847e1d47295c0967bf6a85e9a89283ef958]18aad847e1d47295c0967bf6a85e9a89283ef958[/url] (2011.09.29.) commitig merge.',19,7),(452,'Taste for Blood javítva: ha a target absorbolja a Rend damage-jét, akkor Taste for Blood nem proccolhat.',20,20),(453,'A Focus Magic nevű spell csak crit esetén proccolhat, ez javítva.',20,14),(454,'A Flying Carpet nevű item craftolását most már a megfelelő feltételekkel fogja tanitani a trainer: 75 gold helyett 10 gold 50 ezüst, 410 tailoring skill helyett 300 is elég lesz neki.',20,1),(455,'Neltharaku\'s Tale javítva.',20,2),(456,'Counterattack! fixálva.',20,2),(457,'Anguish of Nifflevar most már működni fog.',20,2),(458,'A The Fallen Sisters nevű quest javítva.',20,2),(459,'Captives at Deatholme javítva.',20,2),(460,'1-2 apró fix a következő mobokon: Enslaved Netherwing Drake, Dragonmaw Drake-Rider, Thunderlord Grunt, Expedition Warden, Inquisitor Salrand, Beryl Point InvisMan, Surristrasz, Grand Magus Telestra, Savannah Cub, ELM General Purpose Bunny (scale x0.01), ELM General Purpose Bunny (scale x0.01) Large',20,8),(461,'Gor\'drek scriptelve.',20,8),(462,'Captain Fairmount: egy bug javítva és a mob a scriptelve.',20,8),(463,'Zuluhed the Whacked spawn pozíciója fixelve.',20,8),(464,'A következő mobok scriptelve: Thoralius the Wise, Ascended Mage Hunter.',20,8),(465,'Fenrick Barlowe nevű mod scriptelve.',20,8),(466,'Eck the Ferocious: Az Eck Spit nevű spell most már triggerelni fogja az Eck Residue nevű spellt. Ezzel a What the Eck? nevű achievement teljesíthetővé válik.',20,96),(467,'Jó pár mob statja fixelve.',20,4),(468,'XT-002 Deconstructor: Szív javítása: most már indítható hard mode-ban.',20,126),(469,'Mimiron: Tram fixálva.',20,126),(470,'Assembly of Iron: Hard mode loot javítva.',20,126),(471,'Battleground Demolisher: Már nem lehet rájuk castolni semilyen abosorb effecttel rendelkező spellt (pl.: Sacred Shield, Power Word: Shield), sem a Beacon of Light-ot.',20,47),(472,'Azok a nem player/pet által használt spellek javítása, ahol a spellnek, olyan effectje van, hogy a bekapott damage-t növeli x-el (nem x%-al!). Ilyen spell például a Razorscale által használt Flame Buffet nevű spell. Ez a fix főleg egy jelenleg is fejlesztés alatt lévő insta miatt szükséges.',20,5),(473,'Lifeblood-hoz a Grow Flower Patch visual effect hozzáadása.',20,5),(474,'Az Argent Tournament-es mountok javítva.',20,5),(475,'A They Must Burn Bomb Aura (self) javítva: triggerleni kell neki a They Must Burn Bomb Drop (DND) spellt.',20,5),(476,'Expose Armor, Sunder Armor és az Acid Spit most már nem fog stackelni egymással.',20,5),(477,'Faerie Fire, Curse of Weakness és a Sting szintúgy már nem fog stackelni egymással.',20,5),(478,'A .npc info parancs most már kiírja a target VehicleID-jét, ha a target vehicle. Értelemszerűen ez csak a GM-ekre van hatással.',20,6),(479,'A szokásos kód titsztítások és javítások.',20,6),(480,'2 crash fix.',20,6),(481,'Még több vehicle fix.',20,6),(482,'1 exploit fix.',20,6),(483,'Újabb group fixek.',20,6),(484,'A [url=https://github.com/TrinityCore/TrinityCore/commit/2b9346e5a0ceacd6d73a7ac39c24840e450181b2]2b9346e5a0ceacd6d73a7ac39c24840e450181b2[/url] (2011.03.01.) commitig merge.',20,7),(485,'Group loot bug javítva. Most már lesz loot groupban, tehát instában is.\r\nEz a fix [b]lehet[/b], hogy javítja azt a bugot, hogy arena-ban a saját csapattársad is ellenséges néha.',21,6),(486,'1 crash javítva.',21,6),(487,'Upper Spire: Sigil of the Frostwing, Bloodwing Sigil és Plague Sigil-hez visual hozzáadása.',22,4),(488,'2 crash fix.',22,6),(489,'Kód javítás/tisztítás.',22,6),(490,'Group rendszerben 1-2 javítás.',22,6),(491,'Vehicle rendszerben 1-2 javítás.\r\n[b]Remélhetőleg[/b] már nem ragadnak be a vehiclek és a kliensek sem állnak be, fagynak ki.',22,6),(492,'A [url=https://github.com/TrinityCore/TrinityCore/commit/2c7ca195d178beca49752e0669ec9c25d0cc34b4]2c7ca195d178beca49752e0669ec9c25d0cc34b4[/url] (2011.02.23.) commitig merge.',22,7),(493,'Rune Strike javítva.',23,11),(494,'Dancing Rune Weapon javítva.',23,11),(495,'Blade Barrier javítva: most már nem procol autoattackra.',23,11),(496,'Misdirection javítva.',23,13),(497,'Shatter javítva: most már nem ad 100% critet.',23,14),(498,'Beacon of light javítva: most már nem tart combatban bizonyos körülményekben.',23,15),(499,'Glyph of Shadow javítva: most már normálisan fog proccolni.',23,34),(500,'Riptide javítva.',23,18),(501,'Earthen Power javítva.',23,18),(502,'Lava Burst javítva.',23,18),(503,'Icehowl már ki ugrik a terem szélére és onnan chargeol a kiválasztott playerre.',23,122),(504,'Anub\'araknál a hó már leesik, és a tüske beleakadhat.',23,122),(505,'Amint Anub\'arak meghalt, egy mage jelenik meg és dalaran portált kasztol a terem közepe felé.',23,122),(506,'Eye of the Broodmother trinket javítva.',23,1),(507,'Jevees most már nem esik le text alá.',23,1),(508,'Death Knight t8 4p javítva.',23,1),(509,'Rogue t9 2p javítva, most már csak rupture tick-re proccol.',23,1),(510,'Warrior t8 4p javítva.',23,1),(511,'Warrior t10 melee 4p javítva, most már Slamnél is működik.',23,1),(512,'Rogue t10 2p és 4p javítva.',23,1),(513,'Új fajta resistance rendszer.',23,5),(514,'Többszemélyes mountokban már nemlehet szállítani embereket arénán.',23,5),(515,'Revol Shirt statjai már nem érvényesülnek arénán.',23,10),(516,'[url=http://www.wowwiki.com/Old_pvp]Régi honor rendszer[/url] beépítve.',23,5),(517,'Blade Warding most már sebez, ha parryt kapsz.',23,24),(518,'1-2 calendar fix.',23,5),(519,'A [url=https://github.com/TrinityCore/TrinityCore/commit/396b1ded1a047182c2c3d0244f94ff6baba1d36d]396b1ded1a047182c2c3d0244f94ff6baba1d36d[/url] (2012.04.24.) commitig merge.',23,7),(520,'Shadowfiend javítva: most már tölt vissza manat.',24,16),(521,'Anti-Magic Zone visualja javítva.',24,11),(522,'Strength of the Tempest javítva.',24,2),(523,'Challenge to the Black Flight javítva.',24,2),(524,'The Yeti Next Door fixálva.',24,2),(525,'What Illidan Wants, Illidan Gets javítva.',24,2),(526,'Scourgekabob javítva.',24,2),(527,'Prisoners of the Grimtotems javítva.',24,2),(528,'The Liquid Fire of Elune javítva.',24,2),(529,'Picking Up Some Power Converters fixálva.',24,2),(530,'The Dreghood Elder fixálva.',24,2),(531,'The Warm-Up fixálva.',24,2),(532,'8 crash fix.',24,6),(533,'Knockback effect vizuális fix.',24,6),(534,'A [url=https://github.com/TrinityCore/TrinityCore/commit/c4414002f2cd36603b2d19122988590098203dc3]c4414002f2cd36603b2d19122988590098203dc3[/url] (2011.10.02.) commitig merge.',24,7),(535,'Test Flight: The Zephyrium Capacitorium javítva.',25,2),(536,'Test Flight: The Singing Ridge javítva.',25,2),(537,'Test Flight: Razaan\'s Landing javítva.',25,2),(538,'Test Flight: Ruuan Weald fixálva.',25,2),(539,'Test Flight: Raven\'s Wood javítva.',25,2),(540,'Fel Reavers, No Thanks! javítva.',25,2),(541,'Finding the Keymaster fixálva.',25,2),(542,'To Legion Hold fixálva.',25,2),(543,'I Was A Lot Of Things... fixálva.',25,2),(544,'Shredder Repair javítva.',25,2),(545,'Shred the Alliance javítva.',25,2),(546,'Az arena elérhetővé vált.',25,53),(547,'9 crash fix.',25,6),(548,'Kód takarítás és optimalizálás.',25,6),(549,'A [url=https://github.com/TrinityCore/TrinityCore/commit/35126d3c5ee6561856281bd64be3106b35d4df56]35126d3c5ee6561856281bd64be3106b35d4df56[/url] (2011.10.08.) commitig merge.',25,7),(550,'Bloodworm javítva.',26,11),(551,'Svala Sorrowgrave eventjeinek a javítása.',26,105),(552,'Gortok Palehoofnál a gömb már jól mozog.',26,105),(553,'Skadi the Ruthless már normálisan ölhető, és a szigonyokkal már nem lehet bugolni.',26,105),(554,'King Ymironnál az addok már ölhetők.',26,105),(555,'Új fajta LoS ellenőrző rendszer.',26,5),(556,'1 crash javítva.',26,6),(557,'Nem volt merge.',26,7),(558,'Deep Wounds: egy hibából adódóan néha lemaradt 1 tick a damage számításnál (amikor fennt van már egy Deep Wounds és egy újabb proccol), ez javítva.',27,20),(559,'Deep Freeze PVE része javítva.',27,14),(560,'Tidal Waves javítva: Lesser Healing Wave most már kapja a 25% critet és leszedi a 2. charge-ot is.',27,18),(561,'Earth Shield javítva: Ha fennt van az Earth Shield spell és kap a shaman egy heal csökkentő spellt (pl.: Mortal Strike) és a shaman újra felteszi a shieldet, akkor már alapból csak a healek felét healeli az Earth Shield és ha kap még egy heal felezőt is akkor már csak a negyedét, ez javítva. Az egyszerűség kedvéért: a heal csökkentő spellek bizonyos esetekben jobban csökkentették az Earth Shield healjét, mint azt kéne.',27,18),(562,'Deprogramming javítva.',27,2),(563,'Residue Rendezvous fixálva.',27,2),(564,'Jeeves: vendor és bank egy az egyben, de csak az engineeringeseknek. Stat, gossip és vendor (1-2 új item, pl.: Ankh, Symbol of Kings, stb.) fixek.',27,8),(565,'Bonesunder scriptelése.',27,8),(566,'Surge Needle Sorcerer scriptelése.',27,8),(567,'Goramosh scriptelése.',27,8),(568,'Arcanimus scriptelése.',27,8),(569,'Vanquished Clutches of Yogg-Saron javítva.',27,1),(570,'Rogue T9 2P Bonus (Rupture) fixálva. Ha a rugo egy olyan spellt használ, ami energy-be kerül, le fog esni a buff.',27,1),(571,'Glyph of Fire Blast javítva.',27,34),(572,'Rotting Frost Giant scriptelése.',27,4),(573,'Sindragosa: Icy Grip javítva.',27,4),(574,'Sindragosa: Landolás időzítve.',27,4),(575,'Sindragosa: Ice Tombok LOS-ja javítva.',27,4),(576,'Trash drop fix.',27,4),(577,'The Frostwing Halls: spawn, equip és linked respawn (az amikor meghal a boss és az előtte lévő trash nem respawnol) fixek.',27,4),(578,'Shield Generator javítva.',27,126),(579,'Az előző fixen felül az [b]egész[/b] insta scriptje lecserélve, nehéz lenne felsorolni az összes változást.',27,126),(580,'Obsidian Eradicator scriptje javítva.',27,110),(581,'A group rendszerben 1-2 fix, kód tisztítás.',27,5),(582,'3 crash fix.',27,6),(583,'Még több információ bizonyos logoknál.',27,6),(584,'4 exploit fix.',27,6),(585,'Még több dolog a gold naplózásban és 1-2 fix.',27,6),(586,'Kód javítás/tisztítás.',27,6),(587,'Jobb szerver oldali GCD ellenőrzés.',27,6),(588,'A [url=https://github.com/TrinityCore/TrinityCore/commit/1cdec5880ebbf26713dbca0d0906a327e84b7260]1cdec5880ebbf26713dbca0d0906a327e84b7260[/url] (2011.02.22.) commitig merge.',27,7),(589,'Elemental Oath javítva.',28,18),(590,'Righteous Defense javítva.',28,15),(591,'Kaw the Mammoth Destroyer javítva.',28,2),(592,'Fletcher\'s Lost and Found fixálva.',28,2),(593,'Torgos javítva: most már támadható.',28,8),(594,'Mimiron felé vezető úton a trash javítva.',28,126),(595,'Mindenféle javítás, hosszú és időigényes lenne felsorolni. :)',28,39),(596,'6 crash fix.',28,6),(597,'Néhány kód takarítás és optimalizálás.',28,6),(598,'A [url=http://www.wowwiki.com/Spell_penetration]Spell penetration[/url] javítva .',28,5),(599,'A [url=https://github.com/TrinityCore/TrinityCore/commit/27e1a5d7b645c8b09ad9fc5b1b19ef066253b488]27e1a5d7b645c8b09ad9fc5b1b19ef066253b488[/url] (2011.10.17.) commitig merge.',28,7),(600,'Rune Strike mostantól nem lesz inaktív a melee spellek használata után.',29,11),(601,'Bloodthirst javítva.',29,20),(602,'Health Funnel javítva.',29,19),(603,'Glyph of Totem of Wrath javítva.',29,18),(604,'Questek nagy része javítva.',29,130),(605,'Priest T9 2P Prayer of Mending javítva.',29,1),(606,'Nincs merge.',29,7),(607,'Envenomhoz kapcsolódó dolgok javítva.',30,17),(608,'Living Bomb javítva.',30,14),(609,'Divine Shield/Avenging Wrath kombó javítva.',30,15),(610,'Healing Stream Totem javítva.',30,18),(611,'Sindragosa - Ice Tomb része javítva.',30,4),(612,'Sacred Cleansing javítva.',31,15),(613,'Desecration javítva.',31,11),(614,'Fire Elemental Totem, Earth Elemental Totem javítva.',31,18),(615,'Relentless Strikes javítva.',31,17),(616,'Headless Horseman javítva.',31,39),(617,'A [url=https://github.com/TrinityCore/TrinityCore/commit/5fdde0da737051821e7238d76b8293224f6b7cac]5fdde0da737051821e7238d76b8293224f6b7cac[/url] (2011.10.21.) commitig merge.',31,7),(618,'Back So Soon? javítva.',32,2),(619,'Truce? javítva.',32,2),(620,'Death Knight T10 Tank 2P javítva.',32,1),(621,'Blood Prince Council - Kinetic Bombs része javítva, most már normálisan fognak leesni a földre.',32,4),(622,'Lock and Load most már kapcsol az adott Trap-eknél.',33,13),(623,'Entrapment most már kapcsol az adott Trap-eknél.',33,13),(624,'Empowered Renew javítva.',33,16),(625,'Grounding Totem javítva.',33,18),(626,'Banish the Demons javítva.',33,2),(627,'Not On My Watch! javítva.',33,2),(628,'See You on the Other Side javítva.',33,2),(629,'Leave Nothing to Chance javítva.',33,2),(630,'Shadowfrost Shard - Most már normálisan esik a bossokból.',33,4),(631,'Shadowstep javítva: most már nem lehet használni, ha rootolva van a caster.',34,17),(632,'Spell Lock javítva.',34,19),(633,'Bloodthirst javítva.',34,20),(634,'A Taste of Flame javítva',34,2),(635,'A Meeting With The Magister javítva.',34,2),(636,'An Audience With The Arcanist javítva.',34,2),(637,'Still At It fixálva.',34,2),(638,'What Do You Feed a Yeti, Anyway? javítva.',34,2),(639,'Gormok Wants His Snobolds javítva.',34,2),(640,'Tails Up fixálva.',34,2),(641,'Creatures of the Eco-Domes javítva.',34,2),(642,'The Flesh Lies javítva.',34,2),(643,'Torching Sunfury Hold fixálva.',34,2),(644,'Blessing of Incineratus fixálva.',34,2),(645,'Bring Me The Egg! fixálva.',34,2),(646,'Totem of Kar\'dash javítva.',34,2),(647,'Finding The Survivors javítva.',34,2),(648,'Returning the Favor javítva.',34,2),(649,'What The Soul Sees javítva.',34,2),(650,'Data Mining javítva.',34,2),(651,'Ruthless Cunning javítva.',34,2),(652,'Potential for Brain Damage = High fixálva.',34,2),(653,'Elemental Power Extraction fixálva.',34,2),(654,'Of Keys and Cages fixálva.',34,2),(655,'Adding Injury to Insult fixálva.',34,2),(656,'Field Test fixálva.',34,2),(657,'Reforging The Sword fixálva.',34,2),(658,'Tempering The Blade javítva.',34,2),(659,'Turkey Lurkey javítva.',34,36),(660,'Garr respawn ideje javítva, most már 1 hét.',34,108),(661,'Az instance elérhetővé vált normál és heroic módban is.',34,3),(662,'8 crash fix.',34,6),(663,'Számos kód takarítás és stabilitás, illetve gyorsaság növelés.',34,6),(664,'A [url=https://github.com/TrinityCore/TrinityCore/commit/15c24a4e971e2808976d9844a60767442b51ae5e]15c24a4e971e2808976d9844a60767442b51ae5e[/url] (2011.12.06.) commitig merge.',34,7),(665,'Glyph of Succubus javítva.',35,34),(666,'A Not-So-Modest Proposal javítva.',35,2),(667,'Sleeping Giants javítva.',35,2),(668,'Eitrigg\'s Wisdom javítva.',35,2),(669,'The Black Knight\'s Orders fixálva.',35,2),(670,'Fa-la-la-la-Ogri\'la javítva.',35,36),(671,'Bros. Before Ho Ho Ho\'s javítva.',35,36),(672,'Mixology javítva.',35,22),(673,'Felreaver torony javítva.',35,45),(674,'Professor Putricide már ölhető.',35,4),(675,'2 crash fix.',35,6),(676,'Kód takarítás.',35,6),(677,'A [url=https://github.com/TrinityCore/TrinityCore/commit/ce0dfa88a670f65f8bff6457ffd7075b942d43b9]ce0dfa88a670f65f8bff6457ffd7075b942d43b9[/url] (2011.12.22.) commitig merge.',35,7),(678,'Death Coil-t már nem lehet hátra felé elcastolni.',36,11),(679,'Deatk Knight T10 4P javítva.',36,1),(680,'Blood Presence javítva.',36,11),(681,'Holy Shock-t (ellenségre) már nem lehet hátra felé elcastolni.',36,15),(682,'Lay on Hands most már nem kap bónuszt a spellpowerből.',36,15),(683,'Fire Shield javítva.',36,14),(684,'The Path to the Citadel javítva.',36,2),(685,'Beer Basted Boar Ribs javítva.',36,2),(686,'Desperate Research javítva.',36,2),(687,'A Change of Heart javítva.',36,2),(688,'Fel reaver no thanks! javítva.',36,2),(689,'Frost Shock and You javítva, most már csak sámánok tudják felvenni.',36,2),(690,'Yous Have Da Darkrune? javítva.',36,2),(691,'Body and Heart javítva.',36,2),(692,'The Ring of Blood: Brokentoe javítva.',36,2),(693,'The Ring of Blood: The Blue Brothers javítva.',36,2),(694,'The Ring of Blood: Rokdar the Sundered Lord javítva.',36,2),(695,'The Ring of Blood: Skra\'gath javítva.',36,2),(696,'The Ring of Blood: The Warmaul Champion javítva.',36,2),(697,'Hotter Streak javítva.',36,36),(698,'The Betrayer Ascendan könyv lespawnolva.',36,35),(699,'Scarlet Onslaught Daily Orders: Beach lespawnolva.',36,35),(700,'A hiányzó Ice Wall lespawnolva Pit of Saron-ba.',36,98),(701,'Sindragosa: Frost Beacon spell javítva.',36,4),(702,'Training Dummyk már immune-isak a Death Grip-re.',36,5),(703,'Dispel effekt már combatba fog tenni.',36,6),(704,'\"Evade Bug\" javítva.',36,5),(705,'1 exploit fix.',36,6),(706,'Blessing of Ancient Kings javítva.',36,1),(707,'[url=http://www.wowwiki.com/Faction_Change_service]Faction Change[/url]: Achievement, Item, Reputation, Spell és Title váltás.',36,5),(708,'Saronite Ore-t nem dobnak már az NPC-k.',36,8),(709,'[url=http://www.wowwiki.com/Replenishment]Replenishment[/url] javítva.',36,5),(710,'Chicken Escapee event javítva.',36,5),(711,'Dancing Rune Weapon autoattackja javítva.',37,11),(712,'Quenching the Blade javítva.',37,2),(713,'Attunement to Dalaran javítva.',37,2),(714,'The Captain\'s Cutlass javítva.',37,2),(715,'Questioning Reethe javítva.',37,2),(716,'Kick, What Kick? javítva.',37,2),(717,'Strengthen the Ancients javítva.',37,2),(718,'Lost in Action javítva.',37,2),(719,'The Cleansing javítva.',37,2),(720,'Field Test javítva.',37,2),(721,'Deadmire waypointja beállítva.',37,8),(722,'Ogron waypointja beállítva.',37,8),(723,'Ebon Blade Gargoyle waypointja beállítva.',37,8),(724,'Vargul Plaguetalon waypointja beállítva.',37,8),(725,'Scourgebeak Fleshripper waypointja beállítva.',37,8),(726,'Azure Drake waypointja beállítva.',37,8),(727,'Frigid Proto-Drake waypointja beállítva.',37,8),(728,'Queen Angerboda lespawnolva.',37,8),(729,'Northrendi Rare Elitek spelljei javítva.',37,8),(730,'Reconstructed Wyrm javítva.',37,8),(731,'Thiassi the Lightning Bringer javítva.',37,8),(732,'7th Legion Chain Gun lespawnolva.',37,8),(733,'Sindragosa: Icy Grip spell javítva.',37,4),(734,'A Peteknek a spelljeit most már normálisan lehet használni.',37,33),(735,'Infusion of Light javítva, már kell talent a flash heal HoT-hoz.',38,15),(736,'Improved Devotion Aura javítva, már növeli a healt, ha van valamilyen paladin aura a targeten.',38,15),(737,'Improved Concentration Aura javítva, ha valamelyik paladin aura aktív lejjebb veszi a silence és interrupt idejét, annak aki a groupban van.',38,15),(738,'Death and Decay javítva, már leveszi a stealth -et és combatba rak.',38,11),(739,'Bladestorm javítva, már nem veszi le a transform aurákat (pl.: DBW).',38,20),(740,'Inner Fire absorb check javítva.',38,16),(741,'Shadowform: javítva, már nem ragad be.',38,16),(742,'The Leaders at Jin\'Alai javítva.',38,2),(743,'Cuergo\'s Gold javítva.',38,2),(744,'Decoy! javítva.',38,2),(745,'Gods like Shiny Things javítva.',38,2),(746,'Appeasing the Great Rain Stone javítva, Shining Crystal-ok lerakva.',38,2),(747,'The Lost Mistwhisper Treasure javítva.',38,2),(748,'A Hero\'s Burden javítva, Artruis\' Phylactery object spawnolva.',38,2),(749,'A Rough Ride javítva.',38,2),(750,'Lightning Definitely Strikes Twice javítva.',38,2),(751,'Reclusive Runemaster javítva.',38,2),(752,'Slaves to Saronite gossip condition a questhez javítva.',38,2),(753,'The Aspirant\'s Challenge javítva.',38,2),(754,'Nightstalker Clean Up, Isle 2... javítva, ha fel van véve a quest már jó lesz Exarch Menelaous gossip-ja is.',38,2),(755,'Sok-sok npc gossip-ja javítva.',38,8),(756,'Night Elf Corpse (16804) már nem támadható.',38,8),(757,'Inconspicuous Landmark, lerakva: Zone: Tanaris, Area: Land\'s End Beach és Finisterrae Beach-re.',38,35),(758,'10/25 HC Megnyitva: The Lower Spire Gunship Battle kivételével.',38,4),(759,'Marrowgar: Bone Storm damage-je javítva.',38,4),(760,'Deathbringer Saurfang: Blood Beast spell scent of blood javítva.',38,4),(761,'Deathbringer Saurfang: berserk timer heroic mode-ban javítva.',38,4),(762,'Deathbringer Saurfang: 25 HC damage fixálva és az addjainak damage-je is javítva.',38,4),(763,'Dark Nucleus: javítva.',38,4),(764,'Lady Deathwisper: Phase2-ben most már nem immunis a szakításokra és a sebzése javítva.',38,4),(765,'Sindragosa: evade tökéletesítve.',38,4),(766,'Icy Grip már nem rántja a tankot és a rántás módja is szebb.',38,4),(767,'Ice Tomb immunitásai beállítva, spell javítva.',38,4),(768,'Razorscale: Már combatba fog kerülni.',38,126),(769,'Salvaged Chopper: Vehicle immunitás 25 -ön javítva.',38,126),(770,'Attumen the Huntsman javítva.',38,120),(771,'Wretched mob sebzése javítva.',38,87),(772,'Code style, takarítás, optimalizálás.',38,6),(773,'Auction House: Refactored és auction mail üzenetek fixálása.',38,5),(774,'Mail System: Olvasatlan mail üzenetek már jól jelzik a nem játékos által küldött üzeneteket (achievement rewards, auctions).',38,5),(775,'Furious itemek és relikek honorért vehetők vendortól.',38,5),(776,'Már nem lehet mounton enni amihez le kell ülni.',38,5),(777,'Haunt re-apply-kor, és a target halálakor is healel.',39,19),(778,'Bladestorm javítva, már immunins leszel a Mind Control-ra, és ha kapsz egy Hand of Protection-t, akkor megszakad.',39,20),(779,'Már nem mozog tovább a karakter ha Fear után kap egy Chain of Ice-t.',39,5),(780,'Anti Magic Shell absorb része újraszámolva.',40,11),(781,'Death Pact javítva, most már kell hozzá pet. :D',40,11),(782,'Sanctified Wrath javítva.',40,15),(783,'Empowered Renew újraszámolva.',40,16),(784,'Death Knight T8 Melee 4P Bonus javítva',40,1),(785,'Death Knigh T10 Tank 2P Bonus javítva.',40,1),(786,'The Prophecy of Akida javítva.',40,2),(787,'The Emitter javítva.',40,2),(788,'Totem of Yor javítva.',40,2),(789,'Master the Storm javítva.',40,2),(790,'The Broken Front javítva.',40,2),(791,'Finish Me! javítva.',40,2),(792,'Razormaw javítva.',40,2),(793,'Ample Inspiration javítva.',40,2),(794,'Storm Totem lespawnolva Borean Tundran.',40,8),(795,'Nerub\'ar Scarab kapott egy új aurát.',40,8),(796,'Gan\'jo lespawnolva Grizzly Hills.',40,8),(797,'Sindragosa: Unchained Magic spell javítva.',40,4),(798,'Val\'kyr Shadowguard most már immunins a GRIP effektekre.',40,4),(799,'Professor Putricide addjai most már immuninsak pár dologra.',40,4),(800,'Icehowl: Surge of Adrenaline spell javítva.',40,122),(801,'2 crash javítva.',40,6),(802,'Szerencse Bencénél új küldetések érhetők el.',40,5),(803,'Dot mechanizmus javítva.',40,5),(804,'Divine Shield javítva, már nem használható Cyclone alatt.',41,15),(805,'Pain and Suffering damage absorb javítva.',41,16),(806,'Ice Block javítva, már nem használható Cyclone alatt.',41,14),(807,'Curse of Doom javítva.',41,19),(808,'Insect Swarm T8 Balance relic javítva.',41,1),(809,'Sentry Totem Működése átírva.',41,18),(810,'Truce javítva.',41,2),(811,'Draconis Gastritis javítva.',41,2),(812,'Life or Death javítva.',41,2),(813,'Nolkai\'s Words reward box javítva.',41,2),(814,'Meeting at the Blackwing Coven javítva.',41,2),(815,'Measuring Warp Energies javítva.',41,2),(816,'Words of Power A/H javítva.',41,2),(817,'Bleeding Hollow Torch Bleeding Hollow Peon javítva.',41,2),(818,'Honor the Flame javítva.',41,2),(819,'Territorial Trespass javítva.',41,2),(820,'Zandalar Tribe szükséges Race/Class javítva.',41,2),(821,'Message to Freewind Post description javítva.',41,2),(822,'Defending Wyrmrest Temple javítva.',41,2),(823,'The Conqueror\'s Task quest lánca javítva.',41,2),(824,'A Race Against Time javítva.',41,2),(825,'The Shining Light javítva.',41,2),(826,'The Angry Gorloc javítva.',41,2),(827,'Fire Upon the Waters javítva.',41,2),(828,'Sholazar Basin: Vekjik javítva.',41,8),(829,'Nether-Stalker Mah\'duun Quest Pooling javítva.',41,8),(830,'Wind Trader Zhareem Quest Pooling javítva.',41,8),(831,'Innkeeper Keldamyr javítva.',41,8),(832,'Elder Nadox sounds javítva.',41,8),(833,'Barim Splithoof leather trainer gossipja javítva.',41,8),(834,'Shattered Hand Centurion enchant formula lootja javítva.',41,8),(835,'Mistcaller Soo-gan spawn és template addonok javítva.',41,8),(836,'Dark Necromance pick pocket loot javítva.',41,8),(837,'Bauble of True Blood 10/25',41,1),(838,'Idol of the Crying Wind',41,1),(839,'Idol of the Flourishing Life',41,1),(840,'Libram of the Lightbringer',41,1),(841,'Libram of Tolerance',41,1),(842,'Libram of the Resolute',41,1),(843,'Libram of Light',41,1),(844,'Libram of Divinity',41,1),(845,'Blessed Book of Nagrand',41,1),(846,'Foam Sword/Foam Sword Rack',41,1),(847,'Collision state javítva, ha egy GO akitválva van vagy respawnol.',41,35),(848,'The Plagueworks Nyitva! 20% -os Strength of Wrynn/Hellscream\'s Warsong (2 hetente +5%).\r\n',41,4),(849,'Festergut: Inoculated aura stack probléma javítva.',41,4),(850,'Professor Putricide: Tear Gas mechanizmusa javítva.',41,4),(851,'Professor Putricide: Knock Back immunitás az addokra.',41,4),(852,'Professor Putricide: Volatile Ooze targetelése javítva.',41,4),(853,'Professor Putricide: Gas Cloud targetelése javítva.',41,4),(854,'Professor Putricide: Expunged Gas Stack * damage probléma javítva.',41,4),(855,'Professor Putricide: Oooze summon spell javítva.',41,4),(856,'Professor Putricide: Mutated Plague és az effektje javítva.',41,4),(857,'Sindragosa(25): Emblem of FrostLoot javítva',41,4),(858,'Az összes Boss: és azok segítőinek a sebzése, immunitása javítva.',41,4),(859,'Nerub\'ar Broodkeeper: javítva már ott van ahol látszik.',41,4),(860,'Noth the Plaguebringer: Wrath of the Plaguebringer spellje javítva.',41,123),(861,'Emperor Vek\'nilash: lootja javítva.',41,110),(862,'Emperor Vek\'lor: lootja javítva.',41,110),(863,'Princess Huhuran: lootja javítva.',41,110),(864,'Sartharion Berserk: target fix.',41,128),(865,'Reinforced Fel Iron Chest loot fix.',41,84),(866,'Teljes script átírása, Broggok előtti ajtó javítva.',41,85),(867,'Forgemaster Garfrost: Phase és fegyver váltás javítva.',41,98),(868,'Mal\'Ganis: questjéhez a kill kredit javítva.',41,93),(869,'Bloodlord Mandokir: attack probléma javítva.',41,111),(870,'Root esetén nincs már Knockback.',41,5),(871,'Knockback utáni orientáció fixálva.',41,5),(872,'Pick Lock kalkuláció javítva.',41,5),(873,'Quest megosztás javítva.',41,5),(874,'Néhány memória szivárgás javítva.',41,6),(875,'Code style, takarítás, optimalizálás.',41,6),(876,'Frakció váltás után már jó a Reins of the Traveler\'s Tundra Mammoth.',41,5),(877,'The Crimson Hall megnyitva.',42,4),(878,'Professor Putricide: Volatile Ooze sebessége javítva.',42,4),(879,'Professor Putricide: Gas Cloud sebessége javítva.',42,4),(880,'Az összes Boss, minden módjában: Emblem of Frost Loot javítva.',42,4),(881,'Az összes Boss, minden módjában: Primordial Saronite Loot javítva (eddig 10% * DropRate volt minden módban, mostantól (25N 10%, 10Hc 15%, 25Hc 20%) * DropRate.',42,4),(882,'Az összes Boss, minden módjában: Shadowfrost Shard Loot javítva (eddig 10% * DropRate volt minden módban, mostantól (25N 10%, 10Hc 15%, 25Hc 20%) * DropRate.',42,4),(883,'Az egész dungeon újra lett írva.',42,99),(884,'Az egész dungeon újra lett írva.',42,98),(885,'Újra nyitva.',42,97),(886,'Rapture belső delay fixálva visszatöltésnél, most már jól működik.',43,16),(887,'Improved Health Funnel Dmg redukáló effektje javítva.',43,19),(888,'Glyph of Blessing of Might csak a simára van effekt a greater-re nincs.',43,15),(889,'Glyph of Blessing of Wisdom csak a simára van effekt a greater-re nincs.',43,15),(890,'Generic: Weapon Copy aurák fixálva.',43,5),(891,'Charge effekt: Halott playerre már nem lehet charge-olni.',43,5),(892,'Talentből/Spellből extra Dmg critnél és valami equipment effect (pl.: set bónusz) végső sebzése újraszámítva (pl.: Serpent Sting x4 damage exploit javítva).',43,5),(893,'Flamecap Fire sebzése javítva.',43,5),(894,'Argent Tournament küldetései javítva.',43,2),(895,'Zuluhed the Whacked javítva.',43,2),(896,'Cold Hearted már nem bugol, szebben is működik.',43,2),(897,'Stalk the Stalker szükséges Race a küldetéshez javítva.',43,2),(898,'Finding the Keymaster javítva.',43,2),(899,'Kandrostrasz(Brood of Alexstrasza): szükséges klasszok a küldetésekhez, javítva.',43,8),(900,'Andorgos(Brood of Malygos): szükséges klasszok a küldetésekhez, javítva.',43,8),(901,'Craftsman Wilhelm(Brotherhood of the Light): szükséges klasszok a küldetésekhez, javítva.',43,8),(902,'Zanza the Restless: szükséges klasszok a küldetésekhez, javítva.',43,8),(903,'Vethsera(Brood of Ysera): szükséges klasszok a küldetésekhez, javítva.',43,8),(904,'Scrapped Fel Reaver javítva.',43,8),(905,'Professor Putricide: Mutated Abomination despawn-ja javítva.',43,4),(906,'Professor Putricide: Unbound Plague exploit javítva.',43,4),(907,'Rotface: Már nem rak a levegőbe zöld trutyit csak a földre, javítva.',43,4),(908,'Golemagg the Incinerator, enrage javítva.',43,108),(909,'Krick: Toxic Waste and Shadow Bolt használata javítva.',43,98),(910,'Lich King eventnél HC módban lassabb lesz Lich King.',43,97),(911,'Az utolsó Boss már adja a kill kreditet, lootot, achievementet.',43,65),(912,'Pet/Creature Interrupts implementálva.',43,33),(913,'Újabb Collision problémák javítva.',43,35),(914,'Block Value fix.',43,1),(915,'Role check timer ideje 2 percről 40 secre javítva.',43,37),(916,'Vehicle: Ride vehicle spellek javítva és az ülések közötti átszállás is javítva.',43,5),(917,'Aréna/Bg: Már makróval, arénaba való bemenetel nélkül nem csökkentehető az mmr és a Bg-t nem lehet elhagyni debuff nélkül.',43,5),(918,'Mozgás: Mikor megszűnik egy charm effekt már jó mozgás státuszt kap a karakter (Mind Control + Walk bug).',43,5),(919,'LootHandler: Fix master loot Quest itemeknél.',43,5),(920,'Még pár darab Mem-Leaks fix.',43,6),(921,'Compile figyelmeztetések javítása, takarítás, optimalizálás.',43,6),(922,'SkillHandler: Exploit javítva mikor a kliens módositott értéket küld.',43,5),(923,'Már nem lehet \"logout bugolással\" többen bemenni az instákba.',44,55),(924,'Horde: Now This is Ram Racing... Almost. Allis is jó.',44,40),(925,'A [url=http://wowhead.com/item=45518]Flame of the Heavens[/url] belső CD-je javítva.',44,1),(926,'Glodrak Huntsniper NPC már adja a Catch the Wild Wolpertinger küldetést.',44,40),(927,'A következő vendor Blix Fixwidget <Token Redeemer> spawnolva.',44,40),(928,'Item: Wolpertinger\'s Tankard ára javítva.',44,40),(929,'Ray\'ma <Brew of the Month Club> vendor spawnolva.',44,40),(930,'Blix Fixwidget <Token Redeemer> már arulja a Brewfest Regalia, Brewfest Dress itemeket.',44,40),(931,'Bark for Drohn\'s Distillery! quest javítva.',44,40),(932,'Bark for T\'chali\'s Voodoo Brewery! quest fixálva.',44,40),(933,'Bark for the Barleybrews! quest javítva.',44,40),(934,'Bark for the Thunderbrews! quest fixálva.',44,40);
/*!40000 ALTER TABLE `changelog_label_entry` ENABLE KEYS */;
UNLOCK TABLES;
/*!40103 SET TIME_ZONE=@OLD_TIME_ZONE */;

/*!40101 SET SQL_MODE=@OLD_SQL_MODE */;
/*!40014 SET FOREIGN_KEY_CHECKS=@OLD_FOREIGN_KEY_CHECKS */;
/*!40014 SET UNIQUE_CHECKS=@OLD_UNIQUE_CHECKS */;
/*!40101 SET CHARACTER_SET_CLIENT=@OLD_CHARACTER_SET_CLIENT */;
/*!40101 SET CHARACTER_SET_RESULTS=@OLD_CHARACTER_SET_RESULTS */;
/*!40101 SET COLLATION_CONNECTION=@OLD_COLLATION_CONNECTION */;
/*!40111 SET SQL_NOTES=@OLD_SQL_NOTES */;

-- Dump completed on 2012-09-23 23:50:52
